Date,Link,Content
2024-01-01,https://finance.yahoo.com/news/delta-air-lines-nyse-dal-155125769.html,Article body not found
2024-01-01,https://finance.yahoo.com/news/workers-england-states-look-forward-100842915.html,Article body not found
2024-01-01,https://finance.yahoo.com/news/diversified-united-investment-insider-ups-001635743.html,Article body not found
2024-01-01,https://finance.yahoo.com/news/intrinsic-calculation-amazon-com-inc-120020526.html,Article body not found
2024-01-01,https://finance.yahoo.com/news/4-reasons-ionq-stock-could-165300624.html,Article body not found
2024-01-01,https://finance.yahoo.com/news/1-russia-declares-tsunami-warnings-092541954.html,Article body not found
2024-01-01,https://finance.yahoo.com/news/insiders-au-898-9k-investments-213103680.html,Article body not found
2024-01-01,https://finance.yahoo.com/news/history-says-nasdaq-surge-2024-142000237.html,Article body not found
2024-01-01,https://finance.yahoo.com/news/investors-heavily-search-cocacola-company-140011220.html,Article body not found
2024-01-01,https://finance.yahoo.com/news/osisko-development-corp-cve-odv-165351838.html,Article body not found
2024-01-01,https://finance.yahoo.com/news/ally-financial-stock-buy-114500673.html,Article body not found
2024-01-01,https://finance.yahoo.com/news/1-least-five-dead-huge-232015222.html,Article body not found
2024-01-01,https://finance.yahoo.com/news/calculating-fair-value-duopharma-biotech-011518072.html,Article body not found
2024-01-01,https://finance.yahoo.com/news/pdvyx-strong-bond-fund-now-120004152.html,Article body not found
2024-01-01,https://finance.yahoo.com/news/1-australias-eagers-automotive-finds-224242948.html,Article body not found
2024-01-01,https://finance.yahoo.com/news/investors-consolidated-edison-nyse-ed-150400335.html,Article body not found
2024-01-01,https://finance.yahoo.com/news/heres-why-united-therapeutics-uthr-144506795.html,Article body not found
2024-01-01,https://finance.yahoo.com/news/makes-honeywell-international-inc-hon-170005218.html,Article body not found
2024-01-01,https://finance.yahoo.com/news/worst-investment-idea-2024-buying-194646692.html,Article body not found
2024-01-01,https://finance.yahoo.com/news/3-top-dividend-stocks-maximize-141003618.html,Article body not found
2024-01-01,https://finance.yahoo.com/news/li-auto-inc-december-2023-020000306.html,Article body not found
2024-01-01,https://finance.yahoo.com/news/liberty-siriusxm-groups-nasdaq-lsxm-105929200.html,Article body not found
2024-01-01,https://finance.yahoo.com/news/analysts-optimistic-well-see-profit-130805000.html,Article body not found
2024-01-01,https://finance.yahoo.com/news/u-cities-where-cheapest-own-150015759.html,Article body not found
2024-01-01,https://finance.yahoo.com/news/crexendo-inc-nasdaq-cxdo-insiders-180235018.html,Article body not found
2024-01-01,https://finance.yahoo.com/news/housing-market-3-most-expensive-150024737.html,Article body not found
2024-01-01,https://finance.yahoo.com/news/3-top-ranked-mutual-funds-130003005.html,Article body not found
2024-01-01,https://finance.yahoo.com/news/1-warren-buffett-stock-down-140000572.html,Article body not found
2024-01-01,https://finance.yahoo.com/news/past-three-years-general-motors-131446791.html,Article body not found
2024-01-01,https://finance.yahoo.com/news/housing-market-predictions-six-experts-135838200.html,Article body not found
2024-01-01,https://finance.yahoo.com/news/top-experts-biggest-predictions-us-213101575.html,Article body not found
2024-01-01,https://finance.yahoo.com/news/ukraines-zelenskiy-says-russia-suffering-203552998.html,Article body not found
2024-01-01,https://finance.yahoo.com/news/now-opportunity-globetronics-technology-bhd-030533357.html,Article body not found
2024-01-01,https://finance.yahoo.com/news/investing-preview-2024-buy-4-132100193.html,Article body not found
2024-01-01,https://finance.yahoo.com/news/minimum-wage-tolls-health-care-120000287.html,Article body not found
2024-01-01,https://finance.yahoo.com/news/capital-allocation-trends-sats-sgx-041110850.html,Article body not found
2024-01-01,https://finance.yahoo.com/news/bintulu-port-holdings-berhads-klse-042124375.html,Article body not found
2024-01-01,https://finance.yahoo.com/news/joyy-announces-latest-development-sale-130200351.html,Article body not found
2024-01-01,https://finance.yahoo.com/news/9-economic-trends-to-watch-in-2024-185519805.html,Article body not found
2024-01-01,https://finance.yahoo.com/news/brokers-suggest-investing-palo-alto-143005563.html,Article body not found
2024-01-01,https://finance.yahoo.com/news/docusign-inc-nasdaq-docu-impressive-125701663.html,Article body not found
2024-01-01,https://finance.yahoo.com/news/2-computer-technology-stocks-could-140006736.html,Article body not found
2024-01-01,https://finance.yahoo.com/news/investors-lose-7bn-british-banks-152648831.html,Article body not found
2024-01-01,https://finance.yahoo.com/news/jeremy-grantham-rang-alarm-everything-193501484.html,Article body not found
2024-01-01,https://finance.yahoo.com/news/inbound-medical-tourism-market-reach-123000610.html,Article body not found
2024-01-01,https://finance.yahoo.com/news/3-best-womens-clothing-stores-101001824.html,Article body not found
2024-01-01,https://finance.yahoo.com/news/automated-fare-collection-afc-system-210000189.html,Article body not found
2024-01-01,https://finance.yahoo.com/news/first-trust-small-cap-core-112007226.html,Article body not found
2024-01-01,https://finance.yahoo.com/news/mini-series-sparked-gold-rush-093000501.html,Article body not found
2024-01-01,https://finance.yahoo.com/news/consolidated-water-co-ltd-nasdaq-101721997.html,Article body not found
2024-01-01,https://finance.yahoo.com/news/interventional-cardiology-devices-market-size-170000966.html,Article body not found
2024-01-01,https://finance.yahoo.com/news/pharos-energy-plcs-lon-phar-050447883.html,Article body not found
2024-01-01,https://finance.yahoo.com/news/invest-invesco-p-500-equal-112005913.html,Article body not found
2024-01-01,https://finance.yahoo.com/news/intrinsic-calculation-jenoptik-ag-etr-094849090.html,Article body not found
2024-01-01,https://finance.yahoo.com/news/heres-why-walmart-wmt-strong-145008743.html,Article body not found
2024-01-01,https://finance.yahoo.com/news/airsculpt-technologies-airs-outperforming-other-144009777.html,Article body not found
2024-01-01,https://finance.yahoo.com/news/maersk-pauses-shipping-red-sea-103725295.html,Article body not found
2024-01-01,https://finance.yahoo.com/news/natures-remedy-cannabis-nrc-unveils-150000987.html,Article body not found
2024-01-01,https://finance.yahoo.com/news/why-1-momentum-stock-could-145007239.html,Article body not found
2024-01-01,https://finance.yahoo.com/news/patterson-companies-inc-nasdaq-pdco-123911166.html,Article body not found
2024-01-01,https://finance.yahoo.com/news/physical-vapor-deposition-market-size-151400997.html,Article body not found
2024-01-01,https://finance.yahoo.com/news/invested-1000-dycom-industries-decade-133004846.html,Article body not found
2024-01-01,https://finance.yahoo.com/news/flash-news-okx-wallet-now-093000698.html,Article body not found
2024-01-01,https://finance.yahoo.com/news/regional-ag-conference-scheduled-delhi-233600424.html,Article body not found
2024-01-01,https://finance.yahoo.com/news/sodium-phosphate-market-size-worth-151800919.html,Article body not found
2024-01-01,https://finance.yahoo.com/news/fast-paced-momentum-stock-dream-135006800.html,Article body not found
2024-01-01,https://finance.yahoo.com/news/haemato-ags-etr-haek-intrinsic-060236187.html,Article body not found
2024-01-01,https://finance.yahoo.com/news/intra-cellular-therapies-itci-now-145505102.html,Article body not found
2024-01-01,https://finance.yahoo.com/news/heres-why-sanofi-sny-strong-144007522.html,Article body not found
2024-01-01,https://finance.yahoo.com/news/gainesville-based-wound-care-business-175756396.html,Article body not found
2024-01-01,https://finance.yahoo.com/news/3-hottest-telehealth-stocks-watch-203134924.html,Article body not found
2024-01-01,https://finance.yahoo.com/news/financials-role-play-driving-doubleverify-115026636.html,Article body not found
2024-01-01,https://finance.yahoo.com/news/bank-koreas-rhee-eyes-warning-062754717.html,Article body not found
2024-01-01,https://finance.yahoo.com/news/medical-seo-marketing-revolutionizing-patient-062900732.html,Article body not found
2024-01-01,https://finance.yahoo.com/news/newswire-smart-start-guide-shares-150000015.html,Article body not found
2024-01-01,https://finance.yahoo.com/news/mixed-fundamentals-negative-impact-kraft-113244564.html,Article body not found
2024-01-01,https://finance.yahoo.com/news/competitive-pay-tsmc-plant-may-093000561.html,Article body not found
2024-01-01,https://finance.yahoo.com/news/77-ownership-priority-technology-holdings-140610806.html,Article body not found
2024-01-01,https://finance.yahoo.com/news/olympia-financial-group-inc-announces-100000261.html,Article body not found
2024-01-01,https://finance.yahoo.com/news/1-bank-israel-cuts-rate-153851491.html,Article body not found
2024-01-01,https://finance.yahoo.com/news/time-sell-shiba-inu-121300464.html,Article body not found
2024-01-01,https://finance.yahoo.com/news/jobs-saw-biggest-pay-hikes-155826350.html,Article body not found
2024-01-01,https://finance.yahoo.com/news/heres-much-youd-invested-1000-133004663.html,Article body not found
2024-01-01,https://finance.yahoo.com/news/patrick-industries-nasdaq-patk-could-114134809.html,Article body not found
2024-01-01,https://finance.yahoo.com/news/des-moines-favorite-lacheles-fine-120329143.html,Article body not found
2024-01-01,https://finance.yahoo.com/news/skip-10-home-renovations-going-220047518.html,Article body not found
2024-01-01,https://finance.yahoo.com/news/fitness-app-market-size-worth-152300544.html,Article body not found
2024-01-01,https://finance.yahoo.com/news/got-5-000-2-best-123000401.html,Article body not found
2024-01-01,https://finance.yahoo.com/news/mhp-lon-mhpc-way-become-074719821.html,Article body not found
2024-01-01,https://finance.yahoo.com/news/dave-ramsey-4-things-build-140015934.html,Article body not found
2024-01-01,https://finance.yahoo.com/news/average-investors-financial-shenanigans-tough-224509177.html,Article body not found
2024-01-01,https://finance.yahoo.com/news/tate-lyle-plcs-lon-tate-080217765.html,Article body not found
2024-01-01,https://finance.yahoo.com/news/colony-bankcorp-nasdaq-cban-ticks-104358610.html,Article body not found
2024-01-01,https://finance.yahoo.com/news/israels-p-cure-looks-expand-093000587.html,Article body not found
2024-01-01,https://finance.yahoo.com/news/eagle-materials-exp-great-value-144011502.html,Article body not found
2024-01-01,https://finance.yahoo.com/news/esco-technologies-ese-incredible-growth-174503933.html,Article body not found
2024-01-01,https://finance.yahoo.com/news/3-reasons-buy-teladoc-stock-134500136.html,Article body not found
2024-01-01,https://finance.yahoo.com/news/know-senestech-inc-snes-rating-170005782.html,Article body not found
2024-01-01,https://finance.yahoo.com/news/j-b-hunt-transport-services-130338808.html,Article body not found
2024-01-01,https://finance.yahoo.com/news/flash-news-okx-wallet-now-090000013.html,Article body not found
